INSERT INTO licitacao (id, data_publicacao, data_final_proposta, data_inicial_proposta, favorito, modalidade, objeto, orgao, perfil_nome, portal, processo, srp, uasg, uf, unidade_gestora, url) VALUES (3972775, '2023-06-14 00:00:00', '2023-06-29 09:00:00', '2023-06-14 08:00:00', FALSE, 'Registro de Preços', 'Pregão Eletrônico - Serviço de processamento de dados para o concurso de admissão ao Colégio Militar do Recife 2023/2024 (TIC)', 'COLEGIO MILITAR DE RECIFE', 'Perfil Padrão', 'ComprasNet', '22023', TRUE, 160084, 'PE', 'MINISTÉRIO DA DEFESA COMANDO DO EXÉRCITO COMANDO MILITAR DO NORDESTE 7ª REGIÃO MILITAR/7ª DIVISÃO DE EXÉRCITO COLEGIO MILITAR DE RECIFE', 'https://www.comprasnet.gov.br/ConsultaLicitacoes/download/download_editais_detalhe.asp?coduasg=160084&modprp=5&numprp=22023&pagina=1&tipo=');
INSERT INTO licitacao (id, data_publicacao, data_final_proposta, data_inicial_proposta, favorito, modalidade, objeto, orgao, perfil_nome, portal, processo, srp, uasg, uf, unidade_gestora, url) VALUES (3972776, '2023-07-12 00:00:00', '2023-07-28 09:00:00', '2023-07-12 08:00:00', FALSE, 'Registro de Preços', 'Pregão Eletrônico - Serviço de processamento de dados para o concurso de admissão ao Colégio Militar do Recife 2023/2024 (TIC)', 'PREFEITURA DE SÃO PAULO', 'Perfil Padrão', 'ComprasNet', '22023', TRUE, 160084, 'SP', 'MINISTÉRIO DA DEFESA COMANDO DO EXÉRCITO COMANDO MILITAR DO NORDESTE 7ª REGIÃO MILITAR/7ª DIVISÃO DE EXÉRCITO COLEGIO MILITAR DE RECIFE', 'https://www.comprasnet.gov.br/ConsultaLicitacoes/download/download_editais_detalhe.asp?coduasg=160084&modprp=5&numprp=22023&pagina=1&tipo=');
INSERT INTO licitacao (id, data_publicacao, data_final_proposta, data_inicial_proposta, favorito, modalidade, objeto, orgao, perfil_nome, portal, processo, srp, uasg, uf, unidade_gestora, url) VALUES (3972777, '2023-08-12 00:00:00', '2023-08-28 09:00:00', '2023-08-12 08:00:00', FALSE, 'Registro de Preços', 'Pregão Eletrônico - Serviço de processamento de dados para o concurso de admissão ao Colégio Militar do Recife 2023/2024 (TIC)', 'SECRETÁRIA DE JUSTIÇA DO RIO DE JANEIRO', 'Perfil Padrão', 'ComprasNet', '22023', TRUE, 160084, 'RJ', 'MINISTÉRIO DA DEFESA COMANDO DO EXÉRCITO COMANDO MILITAR DO NORDESTE 7ª REGIÃO MILITAR/7ª DIVISÃO DE EXÉRCITO COLEGIO MILITAR DE RECIFE', 'https://www.comprasnet.gov.br/ConsultaLicitacoes/download/download_editais_detalhe.asp?coduasg=160084&modprp=5&numprp=22023&pagina=1&tipo=');
INSERT INTO licitacao (id, data_publicacao, data_final_proposta, data_inicial_proposta, favorito, modalidade, objeto, orgao, perfil_nome, portal, processo, srp, uasg, uf, unidade_gestora, url) VALUES (3972778, '2023-09-12 00:00:00', '2023-09-28 09:00:00', '2023-09-12 08:00:00', FALSE, 'Registro de Preços', 'Pregão Eletrônico - Serviço de processamento de dados para o concurso de admissão ao Colégio Militar do Recife 2023/2024 (TIC)', 'EMPRESA DA ÁGUAS DE SALVADOR', 'Perfil Padrão', 'ComprasNet', '22023', TRUE, 160084, 'BA', 'MINISTÉRIO DA DEFESA COMANDO DO EXÉRCITO COMANDO MILITAR DO NORDESTE 7ª REGIÃO MILITAR/7ª DIVISÃO DE EXÉRCITO COLEGIO MILITAR DE RECIFE', 'https://www.comprasnet.gov.br/ConsultaLicitacoes/download/download_editais_detalhe.asp?coduasg=160084&modprp=5&numprp=22023&pagina=1&tipo=');
INSERT INTO licitacao (id, data_publicacao, data_final_proposta, data_inicial_proposta, favorito, modalidade, objeto, orgao, perfil_nome, portal, processo, srp, uasg, uf, unidade_gestora, url) VALUES (3972779, '2023-10-12 00:00:00', '2023-10-28 09:00:00', '2023-10-12 08:00:00', FALSE, 'Registro de Preços', 'Pregão Eletrônico - Serviço de processamento de dados para o concurso de admissão ao Colégio Militar do Recife 2023/2024 (TIC)', 'CAMARA DOS DEPUTADOS DE PORTO ALEGRE', 'Perfil Padrão', 'ComprasNet', '22023', TRUE, 160084, 'RS', 'MINISTÉRIO DA DEFESA COMANDO DO EXÉRCITO COMANDO MILITAR DO NORDESTE 7ª REGIÃO MILITAR/7ª DIVISÃO DE EXÉRCITO COLEGIO MILITAR DE RECIFE', 'https://www.comprasnet.gov.br/ConsultaLicitacoes/download/download_editais_detalhe.asp?coduasg=160084&modprp=5&numprp=22023&pagina=1&tipo=');
INSERT INTO item_edital (id_licitacao, decreto7174, diferenciado, item, lote, produto_licitado, quantidade, unidade) VALUES (3972775, 1, 'Tipo I - Participação Exclusiva de ME/EPP/Equiparada', 1, '', '<em>Serviços</em> Auxiliares de Tecnologia Informação e Comunicação - <em>Serviços</em> Auxiliares de Tecnologia Informação e Comunicação <em>Serviço</em> de processamento de dados para o concurso de admissão ao Colégio Militar do Recife 2023/2024 (TIC)', 8000, 'UNIDADE');
INSERT INTO item_edital (id_licitacao, decreto7174, diferenciado, item, lote, produto_licitado, quantidade, unidade) VALUES (3972776, 1, 'Tipo I - Participação Exclusiva de ME/EPP/Equiparada', 1, '', '<em>Serviços</em> Auxiliares de Tecnologia Informação e Comunicação - <em>Serviços</em> Auxiliares de Tecnologia Informação e Comunicação <em>Serviço</em> de processamento de dados para o concurso de admissão ao Colégio Militar do Recife 2023/2024 (TIC)', 8000, 'UNIDADE');
INSERT INTO item_edital (id_licitacao, decreto7174, diferenciado, item, lote, produto_licitado, quantidade, unidade) VALUES (3972777, 1, 'Tipo I - Participação Exclusiva de ME/EPP/Equiparada', 1, '', '<em>Serviços</em> Auxiliares de Tecnologia Informação e Comunicação - <em>Serviços</em> Auxiliares de Tecnologia Informação e Comunicação <em>Serviço</em> de processamento de dados para o concurso de admissão ao Colégio Militar do Recife 2023/2024 (TIC)', 8000, 'UNIDADE');
INSERT INTO item_edital (id_licitacao, decreto7174, diferenciado, item, lote, produto_licitado, quantidade, unidade) VALUES (3972778, 1, 'Tipo I - Participação Exclusiva de ME/EPP/Equiparada', 1, '', '<em>Serviços</em> Auxiliares de Tecnologia Informação e Comunicação - <em>Serviços</em> Auxiliares de Tecnologia Informação e Comunicação <em>Serviço</em> de processamento de dados para o concurso de admissão ao Colégio Militar do Recife 2023/2024 (TIC)', 8000, 'UNIDADE');
INSERT INTO item_edital (id_licitacao, decreto7174, diferenciado, item, lote, produto_licitado, quantidade, unidade) VALUES (3972779, 1, 'Tipo I - Participação Exclusiva de ME/EPP/Equiparada', 1, '', '<em>Serviços</em> Auxiliares de Tecnologia Informação e Comunicação - <em>Serviços</em> Auxiliares de Tecnologia Informação e Comunicação <em>Serviço</em> de processamento de dados para o concurso de admissão ao Colégio Militar do Recife 2023/2024 (TIC)', 8000, 'UNIDADE');
INSERT INTO palavra (id_licitacao, descricao) VALUES (3972775, 'serviço');
INSERT INTO palavra (id_licitacao, descricao) VALUES (3972775, 'serviços');
INSERT INTO palavra (id_licitacao, descricao) VALUES (3972776, 'serviço');
INSERT INTO palavra (id_licitacao, descricao) VALUES (3972776, 'serviços');
INSERT INTO palavra (id_licitacao, descricao) VALUES (3972777, 'serviço');
INSERT INTO palavra (id_licitacao, descricao) VALUES (3972777, 'serviços');
INSERT INTO palavra (id_licitacao, descricao) VALUES (3972778, 'serviço');
INSERT INTO palavra (id_licitacao, descricao) VALUES (3972778, 'serviços');
INSERT INTO palavra (id_licitacao, descricao) VALUES (3972779, 'serviço');
INSERT INTO palavra (id_licitacao, descricao) VALUES (3972779, 'serviços');
INSERT INTO anexo (id_licitacao, nome, url) VALUES (3972775, 'Edital', 'https://bnccompras.blob.core.windows.net/processfiles/0b21594b6137420c9c0a6bf68648d776.pdf');
INSERT INTO anexo (id_licitacao, nome, url) VALUES (3972776, 'Edital', 'https://bnccompras.blob.core.windows.net/processfiles/0b21594b6137420c9c0a6bf68648d776.pdf');
INSERT INTO anexo (id_licitacao, nome, url) VALUES (3972777, 'Edital', 'https://bnccompras.blob.core.windows.net/processfiles/0b21594b6137420c9c0a6bf68648d776.pdf');
INSERT INTO anexo (id_licitacao, nome, url) VALUES (3972778, 'Edital', 'https://bnccompras.blob.core.windows.net/processfiles/0b21594b6137420c9c0a6bf68648d776.pdf');
INSERT INTO anexo (id_licitacao, nome, url) VALUES (3972779, 'Edital', 'https://bnccompras.blob.core.windows.net/processfiles/0b21594b6137420c9c0a6bf68648d776.pdf');